Day,Route,Demand,Duration_hours,Owned_Cost_NZD,Leased_Cost_NZD,Vehicle_Type,Trip_Cost_NZD
Weekdays,Warehouse -> New World Birkenhead -> Four Square Lancaster -> Warehouse,15.0,5.879208333333334,1500.0,4200.0,Owned,1500.0
Weekdays,Warehouse -> Four Square Remuera -> New World Eastridge -> Warehouse,15.0,5.701519444444445,1500.0,4200.0,Owned,1500.0
Weekdays,Warehouse -> New World Green Bay -> Warehouse,11.0,3.779316666666667,831.45,2800.0,Owned,831.45
Weekdays,Warehouse -> New World Hobsonville -> Four Square Hobsonville -> Warehouse,15.0,5.547783333333333,1500.0,4200.0,Owned,1500.0
Weekdays,Warehouse -> New World Howick -> Four Square Pakuranga Heights -> Warehouse,15.0,5.978455555555556,1500.0,4200.0,Owned,1500.0
Weekdays,Warehouse -> New World Metro Shore City -> Warehouse,5.0,2.648675,582.71,2800.0,Owned,582.71
Weekdays,Warehouse -> Four Square Britomart -> New World Metro Queen St -> Warehouse,10.0,3.8305277777777778,842.72,2800.0,Owned,842.72
Weekdays,Warehouse -> New World Mt Albert -> Warehouse,10.0,3.403827777777778,748.84,2800.0,Owned,748.84
Weekdays,Warehouse -> New World Mt Roskill -> Warehouse,10.0,3.1090722222222222,684.0,2800.0,Owned,684.0
Weekdays,Warehouse -> New World New Lynn -> Warehouse,10.0,3.461580555555556,761.55,2800.0,Owned,761.55
Weekdays,Warehouse -> New World Newmarket -> Warehouse,10.0,3.759675,827.13,2800.0,Owned,827.13
Weekdays,Warehouse -> New World Papatoetoe -> Warehouse,10.0,3.846077777777778,846.14,2800.0,Owned,846.14
Weekdays,Warehouse -> Four Square Eden Terrace -> New World Point Chevalier -> Warehouse,14.0,4.9676222222222215,1190.0,4200.0,Owned,1190.0
Weekdays,Warehouse -> New World Remuera -> Warehouse,10.0,3.897319444444444,857.41,2800.0,Owned,857.41
Weekdays,Warehouse -> New World Stonefields -> Four Square St Heliers -> Warehouse,15.0,5.890266666666666,1500.0,4200.0,Owned,1500.0
Weekdays,Warehouse -> Pak 'n Save Albany -> Warehouse,15.0,5.961108333333333,1500.0,4200.0,Owned,1500.0
Weekdays,Warehouse -> Pak 'n Save Botany -> Warehouse,14.0,5.571505555555556,1500.0,4200.0,Owned,1500.0
Weekdays,Warehouse -> Pak 'n Save Clendon -> Warehouse,14.0,5.257594444444445,1500.0,4200.0,Owned,1500.0
Weekdays,Warehouse -> Pak 'n Save Highland Park -> Warehouse,14.0,5.521769444444445,1500.0,4200.0,Owned,1500.0
Weekdays,Warehouse -> Pak 'n Save Henderson -> Warehouse,14.0,5.130858333333333,1500.0,4200.0,Owned,1500.0
Weekdays,Warehouse -> Pak 'n Save Lincoln Road -> Warehouse,15.0,5.289413888888888,1500.0,4200.0,Owned,1500.0
Weekdays,Warehouse -> Pak 'n Save Mangere -> Warehouse,14.0,4.844325,1190.0,4200.0,Owned,1190.0
Weekdays,Warehouse -> Pak 'n Save Manukau -> Warehouse,14.0,5.132416666666667,1500.0,4200.0,Owned,1500.0
Weekdays,Warehouse -> Pak 'n Save Mt Albert -> Warehouse,14.0,4.560908333333334,1190.0,4200.0,Owned,1190.0
Weekdays,Warehouse -> Pak 'n Save Ormiston -> Warehouse,15.0,5.727008333333333,1500.0,4200.0,Owned,1500.0
Weekdays,Warehouse -> Pak 'n Save Papakura -> Warehouse,14.0,5.497675,1500.0,4200.0,Owned,1500.0
Weekdays,Warehouse -> Pak 'n Save Royal Oak -> Warehouse,15.0,4.948205555555556,1190.0,4200.0,Owned,1190.0
Weekdays,Warehouse -> Pak 'n Save Sylvia Park -> Warehouse,13.0,4.9915416666666665,1190.0,4200.0,Owned,1190.0
Weekdays,Warehouse -> Pak 'n Save Wairau Road -> Warehouse,14.0,5.389152777777778,1500.0,4200.0,Owned,1500.0
Weekdays,Warehouse -> Pak 'n Save Westgate -> Warehouse,14.0,5.099722222222222,1500.0,4200.0,Owned,1500.0
Weekdays,Warehouse -> Four Square Cockle Bay -> Four Square Botany Junction -> Warehouse,11.0,4.818352777777777,1190.0,4200.0,Owned,1190.0
Weekdays,Warehouse -> Four Square Ellerslie -> Four Square Onehunga -> Warehouse,10.0,3.8452833333333336,845.96,2800.0,Owned,845.96
Weekdays,Warehouse -> Four Square Fair Price Henderson -> Warehouse,5.0,2.4036472222222227,528.8,2800.0,Owned,528.8
Weekdays,Warehouse -> Four Square Glen Eden -> Warehouse,5.0,2.2125833333333333,486.77,2800.0,Owned,486.77
Weekdays,Warehouse -> Four Square Torbay -> Warehouse,6.0,3.5379222222222224,778.34,2800.0,Owned,778.34
Saturday,Warehouse -> New World Albany -> New World Hobsonville -> Warehouse,8.0,3.972172222222222,873.88,2800.0,Owned,873.88
Saturday,Warehouse -> New World Birkenhead -> New World Devonport -> New World Metro Shore City -> Warehouse,10.0,4.862352777777778,1190.0,4200.0,Owned,1190.0
Saturday,Warehouse -> Four Square Pakuranga Heights -> Pak 'n Save Botany -> New World Botany -> Warehouse,15.0,5.858166666666667,1500.0,4200.0,Owned,1500.0
Saturday,Warehouse -> New World Long Bay -> Four Square Torbay -> New World Browns Bay -> New World Milford -> Warehouse,16.0,6.744922222222223,1810.0,5600.0,Owned,1810.0
Saturday,Warehouse -> Pak 'n Save Glen Innes -> New World Eastridge -> Warehouse,12.0,4.980722222222222,1190.0,4200.0,Owned,1190.0
Saturday,Warehouse -> New World New Lynn -> Four Square Glen Eden -> New World Green Bay -> Warehouse,10.0,3.811486111111112,838.53,2800.0,Owned,838.53
Saturday,Warehouse -> Pak 'n Save Highland Park -> Four Square Cockle Bay -> New World Howick -> Warehouse,11.0,4.857713888888889,1190.0,4200.0,Owned,1190.0
Saturday,Warehouse -> New World Victoria Park -> Four Square Britomart -> New World Metro Queen St -> Four Square Eden Terrace -> Warehouse,10.0,3.977688888888889,875.09,2800.0,Owned,875.09
Saturday,Warehouse -> New World Mt Albert -> New World Point Chevalier -> Warehouse,10.0,3.585755555555556,788.87,2800.0,Owned,788.87
Saturday,Warehouse -> New World Mt Roskill -> Pak 'n Save Mt Albert -> Warehouse,11.0,3.6679166666666663,806.94,2800.0,Owned,806.94
Saturday,Warehouse -> New World Newmarket -> New World Remuera -> Four Square Remuera -> Warehouse,9.0,3.724702777777778,819.43,2800.0,Owned,819.43
Saturday,Warehouse -> New World Ormiston -> Pak 'n Save Ormiston -> Warehouse,12.0,4.843738888888889,1190.0,4200.0,Owned,1190.0
Saturday,Warehouse -> New World Papakura -> Pak 'n Save Papakura -> Warehouse,12.0,4.990341666666667,1190.0,4200.0,Owned,1190.0
Saturday,Warehouse -> New World Papatoetoe -> New World Southmall -> Warehouse,9.0,3.8602916666666665,849.26,2800.0,Owned,849.26
Saturday,Warehouse -> Four Square Ellerslie -> New World Stonefields -> Four Square St Heliers -> Warehouse,8.0,3.8145777777777776,839.21,2800.0,Owned,839.21
Saturday,Warehouse -> Pak 'n Save Albany -> Warehouse,8.0,3.861108333333333,849.44,2800.0,Owned,849.44
Saturday,Warehouse -> Pak 'n Save Clendon -> Warehouse,7.0,3.1575944444444444,694.67,2800.0,Owned,694.67
Saturday,Warehouse -> Pak 'n Save Henderson -> Warehouse,9.0,3.630858333333333,798.79,2800.0,Owned,798.79
Saturday,Warehouse -> Pak 'n Save Lincoln Road -> Four Square Fair Price Henderson -> Warehouse,10.0,3.912919444444445,860.84,2800.0,Owned,860.84
Saturday,Warehouse -> Pak 'n Save Mangere -> Warehouse,8.0,3.044325,669.75,2800.0,Owned,669.75
Saturday,Warehouse -> Pak 'n Save Manukau -> Four Square Botany Junction -> Warehouse,9.0,3.849830555555555,846.96,2800.0,Owned,846.96
Saturday,Warehouse -> Pak 'n Save Royal Oak -> Four Square Onehunga -> Warehouse,10.0,3.4931916666666667,768.5,2800.0,Owned,768.5
Saturday,Warehouse -> Pak 'n Save Sylvia Park -> Warehouse,8.0,3.4915416666666665,768.14,2800.0,Owned,768.14
Saturday,Warehouse -> Four Square Lancaster -> Pak 'n Save Wairau Road -> Warehouse,8.0,3.849972222222222,846.99,2800.0,Owned,846.99
Saturday,Warehouse -> Pak 'n Save Westgate -> Four Square Hobsonville -> Warehouse,9.0,3.812352777777778,838.72,2800.0,Owned,838.72
