Bootstrap,Weekday_Cost,Saturday_Cost,Weekly_Cost,Total_Route_Demand,Weekday_Owned,Weekday_Leased,Saturday_Owned,Saturday_Leased,Weekday_Skipped,Saturday_Skipped
1,50686.009999999995,23028.46,276458.51,670,37,0,24,0,11,0
2,50504.27,23313.180000000008,275834.52999999997,668,36,0,25,0,11,0
3,50062.34999999999,23494.039999999997,273805.7899999999,672,35,0,24,0,11,0
4,49649.329999999994,22946.819999999996,271193.47,657,37,0,24,0,11,0
5,50098.009999999995,22681.030000000006,273171.08,662,37,0,23,0,11,0
6,49850.78999999999,23929.080000000005,273183.02999999997,666,36,0,25,0,11,0
7,49225.05999999999,22981.000000000004,269106.3,656,36,0,25,0,11,0
8,49501.56,22604.019999999997,270111.82,661,36,0,24,0,11,0
9,49725.74999999999,22572.34,271201.08999999997,662,36,0,23,0,11,0
10,50115.939999999995,23279.450000000004,273859.14999999997,675,34,0,25,0,11,0
11,49422.84,23383.800000000007,270498.0,663,35,0,26,0,11,0
12,50792.49,23855.58,277818.02999999997,662,33,0,25,0,11,0
13,50188.70999999999,22858.84,273802.38999999996,662,34,0,24,0,11,0
14,50280.17,23335.0,274735.85,656,34,0,24,0,11,0
15,49876.829999999994,23285.329999999998,272669.48,661,34,0,25,0,11,0
16,49992.67999999999,23198.199999999997,273161.6,665,35,0,24,0,11,0
17,50105.20999999999,23340.190000000006,273866.24,662,36,0,24,0,11,0
18,50184.02,23218.99,274139.08999999997,665,37,0,23,0,11,0
19,47914.37999999999,23202.84,262774.74,650,34,0,26,0,11,0
20,50299.469999999994,22541.499999999996,274038.85,662,37,0,23,0,11,0
21,49958.92999999999,23719.18,273513.82999999996,671,34,0,25,0,11,0
22,49993.439999999995,23121.7,273088.89999999997,672,36,0,23,0,11,0
23,49673.55999999999,22573.300000000003,270941.1,663,37,0,23,0,11,0
24,50475.02999999999,23432.639999999996,275807.79,666,35,0,24,0,11,0
25,49145.95,22907.97,268637.72,658,38,0,24,0,11,0
26,50015.659999999996,23489.51,273567.81,667,37,0,24,0,11,0
27,49596.969999999994,23774.78,271759.63,671,37,0,25,0,11,0
28,48891.28999999999,23024.58,267481.02999999997,653,36,0,24,0,11,0
29,50748.48999999999,23425.32,277167.76999999996,664,35,0,25,0,11,0
30,48409.899999999994,23071.74,265121.24,647,35,0,24,0,11,0
31,50458.38,23151.170000000002,275443.07,666,35,0,25,0,11,0
32,50333.7,22964.18,274632.68,664,37,0,24,0,11,0
33,50555.34,22694.270000000004,275470.97,651,34,0,24,0,11,0
34,50563.49,22798.810000000005,275616.26,650,35,0,25,0,11,0
35,49980.40999999999,23298.649999999994,273200.69999999995,662,36,0,24,0,11,0
36,49775.31,23666.610000000004,272543.16,670,35,0,26,0,11,0
37,50342.42999999999,23477.950000000004,275190.1,672,36,0,24,0,11,0
38,50156.03999999999,23074.76,273854.95999999996,668,36,0,23,0,11,0
39,50155.96,22730.09,273509.89,659,36,0,24,0,11,0
40,49841.52,22391.270000000004,271598.87,659,36,0,24,0,11,0
41,50482.909999999996,23365.14,275779.69,659,35,0,25,0,11,0
42,50273.329999999994,23462.57,274829.22,666,35,0,25,0,11,0
43,49860.45999999999,23360.250000000004,272662.55,663,36,0,25,0,11,0
44,50341.479999999996,23391.54,275098.93999999994,668,36,0,26,0,11,0
45,50201.44999999999,23468.200000000004,274475.44999999995,656,37,0,26,0,11,0
46,49546.71,23238.699999999997,270972.25,665,37,0,24,0,11,0
47,50248.719999999994,23434.570000000007,274678.17,662,34,0,25,0,11,0
48,48606.37999999999,23034.260000000002,266066.16,652,36,0,24,0,11,0
49,51471.899999999994,23470.06,280829.56,675,35,0,26,0,11,0
50,49234.469999999994,23128.989999999994,269301.33999999997,648,34,0,24,0,11,0
51,49752.55999999999,23663.67,272426.47,663,35,0,25,0,11,0
52,50055.49999999999,23471.550000000007,273749.05,675,35,0,25,0,11,0
53,49920.47,22881.469999999998,272483.82,662,36,0,23,0,11,0
54,50033.17,23614.589999999997,273780.43999999994,675,37,0,25,0,11,0
55,50363.67,23326.269999999997,275144.62,666,35,0,25,0,11,0
56,50043.049999999996,23473.38,273688.62999999995,671,36,0,24,0,11,0
57,49719.329999999994,22610.399999999998,271207.05,653,35,0,22,0,11,0
58,50447.009999999995,23221.190000000002,275456.24,659,36,0,25,0,11,0
59,50976.6,23553.050000000003,278436.05,673,34,0,26,0,11,0
60,50436.97999999999,23644.16,275829.05999999994,670,35,0,24,0,11,0
61,50108.10999999999,23013.23,273553.77999999997,665,37,0,24,0,11,0
62,50787.99999999999,23292.59,277232.58999999997,667,36,0,24,0,11,0
63,50313.049999999996,23201.170000000006,274766.42,663,36,0,25,0,11,0
64,48364.74,22842.789999999997,264666.49,653,34,0,24,0,11,0
65,50116.17,22930.160000000003,273511.01,669,35,0,23,0,11,0
66,50191.78,23314.940000000002,274273.83999999997,665,35,0,24,0,11,0
67,47985.899999999994,22688.04,262617.54,633,34,0,26,0,11,0
68,50246.469999999994,23289.01,274521.36,669,35,0,25,0,11,0
69,50128.77999999999,23109.35,273753.24999999994,664,36,0,23,0,11,0
70,51745.97,22828.719999999998,281558.57,674,36,0,23,0,11,0
71,49767.23999999999,23404.120000000003,272240.31999999995,675,36,0,24,0,11,0
72,49938.009999999995,23696.9,273386.95,664,35,0,26,0,11,0
73,49791.009999999995,23088.07,272043.12,672,34,0,24,0,11,0
74,49174.45999999999,23228.030000000002,269100.32999999996,655,36,0,25,0,11,0
75,50119.2,22677.119999999995,273273.12,664,37,0,23,0,11,0
76,51753.009999999995,22985.52,281750.57,670,34,0,24,0,11,0
77,50274.0,23029.270000000004,274399.27,668,36,0,25,0,11,0
78,50413.49,24341.379999999997,276408.82999999996,674,34,0,23,0,11,0
79,50245.31999999999,23280.02,274506.62,663,35,0,24,0,11,0
80,49742.21,23572.05,272283.1,665,34,0,24,0,11,0
81,50047.03999999999,22845.630000000005,273080.82999999996,666,36,0,23,0,11,0
82,49559.59999999999,23281.620000000003,271079.61999999994,656,36,0,24,0,11,0
83,49547.85,23279.379999999997,271018.63,666,36,0,24,0,11,0
84,50828.67999999999,23395.58,277538.98,672,35,0,25,0,11,0
85,50142.719999999994,22494.5,273208.1,651,36,0,24,0,11,0
86,50344.40999999999,23824.980000000007,275547.0299999999,674,35,0,25,0,11,0
87,49866.409999999996,23411.22000000001,272743.27,665,36,0,25,0,11,0
88,49858.49,23373.790000000005,272666.24,664,36,0,24,0,11,0
89,50904.7,23410.7,277934.2,666,35,0,25,0,11,0
90,50128.33999999999,23135.73,273777.42999999993,662,37,0,25,0,11,0
91,49249.439999999995,22597.98,268845.18,652,36,0,24,0,11,0
92,50086.7,23588.549999999996,274022.05,664,37,0,25,0,11,0
93,50759.86,23279.29,277078.58999999997,660,35,0,24,0,11,0
94,50943.74,22513.950000000004,277232.64999999997,652,35,0,23,0,11,0
95,50387.7,23703.4,275641.9,667,34,0,24,0,11,0
96,50539.399999999994,22626.830000000005,275323.82999999996,655,35,0,24,0,11,0
97,50204.59,23375.740000000005,274398.69,676,37,0,25,0,11,0
98,50312.99,22688.440000000002,274253.39,662,37,0,25,0,11,0
99,50018.56,23258.780000000006,273351.58,668,35,0,26,0,11,0
100,49749.119999999995,23399.71,272145.31,668,34,0,26,0,11,0
101,50694.20999999999,23326.580000000005,276797.62999999995,665,36,0,25,0,11,0
102,50365.13999999999,23051.11,274876.80999999994,657,34,0,24,0,11,0
103,50642.909999999996,23203.25,276417.8,664,34,0,24,0,11,0
104,48383.73999999999,22848.330000000005,264767.02999999997,645,36,0,24,0,11,0
105,50017.81999999999,23321.22,273410.31999999995,669,35,0,25,0,11,0
106,50010.219999999994,23477.070000000003,273528.17,673,36,0,25,0,11,0
107,50745.69,22691.72,276420.17000000004,661,36,0,23,0,11,0
108,49733.86,23226.290000000005,271895.58999999997,666,37,0,25,0,11,0
109,49781.759999999995,23324.71,272233.51,659,35,0,24,0,11,0
110,48658.95999999999,23159.660000000003,266454.45999999996,660,36,0,23,0,11,0
111,50346.07,23299.390000000007,275029.74,666,35,0,23,0,11,0
112,49869.18,23720.03,273065.93,674,38,0,24,0,11,0
113,50447.479999999996,22770.03,275007.42999999993,658,37,0,24,0,11,0
114,50895.58,22941.460000000006,277419.36000000004,667,34,0,23,0,11,0
115,51057.82,23096.78000000001,278385.88,671,36,0,25,0,11,0
116,50709.76999999999,23788.75,277337.6,673,33,0,24,0,11,0
117,49866.39999999999,23202.280000000006,272534.27999999997,670,35,0,24,0,11,0
118,49869.62999999999,23509.92,272858.06999999995,680,36,0,25,0,11,0
119,49677.159999999996,22992.15,271377.95,661,35,0,22,0,11,0
120,50344.51999999999,23393.260000000006,275115.8599999999,669,35,0,27,0,11,0
121,50000.909999999996,23266.37,273270.92,664,35,0,24,0,11,0
122,48950.77,23409.22,268163.06999999995,658,34,0,24,0,11,0
123,50050.079999999994,23912.63,274163.02999999997,665,35,0,24,0,11,0
124,49866.50999999999,23718.710000000003,273051.25999999995,669,35,0,24,0,11,0
125,49667.52,23666.689999999995,272004.29,663,38,0,24,0,11,0
126,48775.04,23379.779999999995,267254.98,654,35,0,25,0,11,0
127,50187.30999999999,23573.95,274510.49999999994,671,36,0,25,0,11,0
128,48321.38999999999,23262.500000000004,264869.44999999995,647,36,0,25,0,11,0
129,49757.149999999994,22981.039999999997,271766.79,645,38,0,25,0,11,0
130,46667.55999999999,23125.61,256463.40999999997,636,35,0,24,0,11,0
131,49892.17999999999,23959.11,273420.00999999995,670,36,0,25,0,11,0
132,49844.35,23231.910000000003,272453.66000000003,664,35,0,25,0,11,0
133,49658.909999999996,23329.610000000004,271624.16,660,38,0,24,0,11,0
134,49867.66999999999,23368.43,272706.77999999997,667,35,0,23,0,11,0
135,48647.20999999999,22928.660000000003,266164.70999999996,653,33,0,24,0,11,0
136,49507.90999999999,22776.090000000004,270315.63999999996,656,37,0,24,0,11,0
137,49482.07,23148.63,270558.98,661,35,0,24,0,11,0
138,50285.98999999999,23281.719999999998,274711.6699999999,666,37,0,22,0,11,0
139,49203.33,23224.510000000002,269241.16000000003,661,35,0,25,0,11,0
140,49917.229999999996,23368.480000000003,272954.62999999995,673,36,0,24,0,11,0
141,49470.969999999994,22805.360000000004,270160.20999999996,656,36,0,24,0,11,0
142,49928.259999999995,23387.369999999995,273028.67,673,38,0,25,0,11,0
143,49323.06,23287.29,269902.58999999997,661,36,0,24,0,11,0
144,49899.219999999994,23788.71,273284.81,675,35,0,24,0,11,0
145,50052.06999999999,23368.49000000001,273628.83999999997,659,37,0,25,0,11,0
146,49439.89,22966.809999999998,270166.26,653,37,0,24,0,11,0
147,50138.96,23464.84,274159.64,666,37,0,25,0,11,0
148,50750.13,22793.570000000003,276544.22,662,35,0,24,0,11,0
149,49310.85999999999,22947.99,269502.29,647,35,0,26,0,11,0
150,49693.37999999999,22848.360000000004,271315.25999999995,655,35,0,24,0,11,0
151,50370.63,23740.739999999998,275593.89,673,34,0,24,0,11,0
152,50341.89,22604.230000000003,274313.68,659,36,0,24,0,11,0
153,50911.21,23179.800000000007,277735.85,663,34,0,25,0,11,0
154,49852.45,23675.540000000005,272937.79,671,36,0,23,0,11,0
155,49842.76999999999,23478.65,272692.49999999994,663,36,0,23,0,11,0
156,50087.73999999999,24230.880000000005,274669.57999999996,682,36,0,26,0,11,0
157,50217.75,22847.870000000003,273936.62,660,36,0,24,0,11,0
158,50111.14999999999,22820.72000000001,273376.47,651,36,0,24,0,11,0
159,49930.74,23206.68,272860.38,664,38,0,25,0,11,0
160,49678.13,23216.370000000003,271607.02,664,37,0,24,0,11,0
161,50215.86999999999,23198.019999999997,274277.36999999994,661,36,0,24,0,11,0
162,49795.619999999995,23365.630000000005,272343.73,658,36,0,25,0,11,0
163,49719.399999999994,23195.53,271792.52999999997,664,37,0,25,0,11,0
164,49556.34,22971.8,270753.5,661,36,0,25,0,11,0
165,49926.7,23220.54,272854.04,668,34,0,24,0,11,0
166,49472.5,23059.11,270421.61,666,37,0,23,0,11,0
167,49479.229999999996,23047.250000000004,270443.39999999997,662,36,0,25,0,11,0
168,49887.06999999999,23149.5,272584.85,663,37,0,24,0,11,0
169,49879.659999999996,23247.890000000003,272646.19,668,36,0,24,0,11,0
170,50702.10999999999,23606.040000000005,277116.58999999997,672,35,0,25,0,11,0
171,50417.439999999995,23607.289999999997,275694.49,665,34,0,24,0,11,0
172,49957.96,23257.379999999997,273047.18,662,35,0,24,0,11,0
173,49791.20999999999,23638.52,272594.56999999995,671,36,0,25,0,11,0
174,49684.43,22566.689999999995,270988.83999999997,655,36,0,24,0,11,0
175,49895.45,23792.200000000004,273269.45,665,35,0,24,0,11,0
176,50250.11,23129.859999999993,274380.41,657,34,0,24,0,11,0
177,50603.34,23209.58,276226.27999999997,667,35,0,26,0,11,0
178,48145.99999999999,23167.170000000002,263897.17,646,34,0,24,0,11,0
179,49722.81999999999,23723.350000000002,272337.44999999995,671,34,0,24,0,11,0
180,50234.37999999999,22802.39,273974.29,650,35,0,25,0,11,0
181,50063.49999999999,23334.27,273651.76999999996,668,35,0,24,0,11,0
182,49942.81999999999,23787.970000000005,273502.07,675,36,0,26,0,11,0
183,48931.67,23459.179999999997,268117.52999999997,659,34,0,25,0,11,0
184,50086.49999999999,23773.61,274206.11,677,36,0,27,0,11,0
185,49922.06,23380.94,272991.24,672,36,0,24,0,11,0
186,49600.799999999996,22713.250000000004,270717.25,658,37,0,23,0,11,0
187,50551.81999999999,23035.609999999997,275794.70999999996,660,38,0,24,0,11,0
188,49896.329999999994,23316.74,272798.38999999996,668,36,0,24,0,11,0
189,50826.45999999999,23817.3,277949.6,658,36,0,25,0,11,0
190,50573.42999999999,23093.969999999998,275961.11999999994,668,35,0,24,0,11,0
191,50061.42,23893.379999999997,274200.48,671,36,0,24,0,11,0
192,50422.409999999996,22891.94,275003.99,670,35,0,24,0,11,0
193,49806.18,23037.840000000007,272068.74,652,36,0,23,0,11,0
194,50022.969999999994,23546.4,273661.25,663,34,0,25,0,11,0
195,49891.38,23647.17,273104.07,658,35,0,24,0,11,0
196,50144.0,22866.679999999993,273586.68,663,34,0,23,0,11,0
197,49360.06999999999,23400.769999999997,270201.12,664,36,0,24,0,11,0
198,50564.78,22970.72,275794.62,657,35,0,24,0,11,0
199,50669.299999999996,23389.08,276735.57999999996,670,34,0,25,0,11,0
200,50587.659999999996,22766.120000000006,275704.42,658,35,0,25,0,11,0
201,48683.19999999999,23898.239999999998,267314.23999999993,659,33,0,24,0,11,0
202,50440.28999999999,23388.22,275589.6699999999,668,35,0,24,0,11,0
203,50276.2,23559.069999999996,274940.07,678,35,0,24,0,11,0
204,50324.689999999995,23012.370000000003,274635.82,663,35,0,24,0,11,0
205,49707.34,23067.4,271604.1,658,36,0,25,0,11,0
206,49719.28999999999,23241.750000000007,271838.19999999995,660,35,0,25,0,11,0
207,50943.08,23458.520000000008,278173.92000000004,661,34,0,25,0,11,0
208,50026.34,22995.320000000003,273127.01999999996,660,36,0,26,0,11,0
209,49703.63999999999,22668.43,271186.62999999995,663,35,0,23,0,11,0
210,50024.30999999999,22620.98,272742.52999999997,657,35,0,23,0,11,0
211,48707.799999999996,22827.81,266366.81,647,36,0,24,0,11,0
212,49133.68,23742.859999999997,269411.26,658,34,0,24,0,11,0
213,50466.869999999995,23176.629999999994,275510.98,668,37,0,22,0,11,0
214,50204.14999999999,23758.55000000001,274779.29999999993,668,37,0,26,0,11,0
215,49880.88999999999,23329.100000000002,272733.54999999993,666,35,0,23,0,11,0
216,50205.56,23303.81,274331.61,669,36,0,24,0,11,0
217,50890.40999999999,22416.24,276868.2899999999,664,35,0,23,0,11,0
218,49338.659999999996,22973.629999999997,269666.93,658,36,0,24,0,11,0
219,50663.95999999999,23060.32,276380.11999999994,664,35,0,24,0,11,0
220,48621.88,22938.109999999997,266047.51,643,35,0,24,0,11,0
221,50149.67999999999,22719.800000000007,273468.19999999995,664,35,0,25,0,11,0
222,50122.23999999999,23074.850000000002,273686.04999999993,656,36,0,24,0,11,0
223,49547.63,22658.559999999998,270396.70999999996,661,38,0,22,0,11,0
224,50326.969999999994,23623.229999999996,275258.07999999996,668,35,0,24,0,11,0
225,50198.729999999996,23167.399999999998,274161.05,663,34,0,26,0,11,0
226,51309.33,23952.720000000005,280499.37000000005,685,36,0,27,0,11,0
227,50624.13,22983.410000000003,276104.06,661,34,0,25,0,11,0
228,50828.73999999998,23972.180000000004,278115.87999999995,683,36,0,26,0,11,0
229,49901.189999999995,23119.06,272625.01,670,36,0,23,0,11,0
230,50271.909999999996,23691.749999999996,275051.3,675,36,0,25,0,11,0
231,49079.45999999999,23162.780000000002,268560.07999999996,666,35,0,23,0,11,0
232,50689.829999999994,22601.04,276050.18999999994,670,35,0,24,0,11,0
233,50153.06,23549.030000000002,274314.33,665,35,0,25,0,11,0
234,49927.52999999999,22598.420000000002,272236.06999999995,655,36,0,23,0,11,0
235,50002.42,23305.690000000002,273317.79,663,34,0,25,0,11,0
236,49936.38999999999,23632.079999999994,273314.02999999997,669,36,0,25,0,11,0
237,49265.64,23618.98,269947.18,664,34,0,25,0,11,0
238,50125.17,23088.48,273714.32999999996,662,35,0,24,0,11,0
239,49832.0,23848.600000000002,273008.6,679,36,0,27,0,11,0
240,49438.009999999995,23053.530000000002,270243.58,650,35,0,23,0,11,0
241,50413.189999999995,22955.850000000002,275021.8,658,35,0,24,0,11,0
242,49912.729999999996,23483.720000000005,273047.37,668,35,0,24,0,11,0
243,49593.6,23851.210000000003,271819.21,671,34,0,26,0,11,0
244,51363.219999999994,23088.249999999996,279904.35,674,34,0,23,0,11,0
245,49770.34,23105.239999999998,271956.94,659,38,0,24,0,11,0
246,49402.969999999994,23317.799999999996,270332.64999999997,669,37,0,24,0,11,0
247,48733.399999999994,23092.749999999996,266759.74999999994,653,34,0,26,0,11,0
248,50123.84,23649.49,274268.69,669,35,0,25,0,11,0
249,50065.80999999999,23466.890000000003,273795.93999999994,665,36,0,25,0,11,0
250,50060.0,22917.820000000003,273217.82,652,35,0,25,0,11,0
251,50041.61999999999,23223.260000000002,273431.3599999999,671,37,0,24,0,11,0
252,49049.98999999999,23902.08,269152.02999999997,668,36,0,24,0,11,0
253,50679.59999999999,23268.04,276666.0399999999,675,36,0,23,0,11,0
254,50146.92999999999,23352.059999999994,274086.70999999996,672,36,0,25,0,11,0
255,50066.43,23500.78,273832.93,665,35,0,25,0,11,0
256,50352.78999999999,23384.88,275148.82999999996,671,36,0,23,0,11,0
257,49994.079999999994,22636.15,272606.55,646,35,0,23,0,11,0
258,49438.96,23561.15,270755.95,670,37,0,25,0,11,0
259,49067.219999999994,23598.480000000003,268934.57999999996,668,37,0,25,0,11,0
260,50215.939999999995,23156.210000000003,274235.91,666,34,0,25,0,11,0
261,50025.98999999999,23573.310000000005,273703.25999999995,669,37,0,26,0,11,0
262,49857.759999999995,23621.440000000006,272910.24,660,36,0,25,0,11,0
263,50016.34999999999,22744.260000000002,272826.00999999995,658,35,0,25,0,11,0
264,51490.63999999999,22599.219999999998,280052.4199999999,673,35,0,25,0,11,0
265,50261.68,23257.649999999998,274566.05,660,34,0,25,0,11,0
266,49804.979999999996,22896.380000000005,271921.27999999997,661,37,0,25,0,11,0
267,49912.26999999999,23135.06,272696.41,670,38,0,23,0,11,0
268,50329.659999999996,23744.840000000004,275393.14,668,35,0,26,0,11,0
269,48859.659999999996,23292.709999999995,267591.01,654,34,0,24,0,11,0
270,49374.58999999999,22649.590000000004,269522.54,653,35,0,24,0,11,0
271,49509.899999999994,23483.949999999993,271033.44999999995,663,35,0,24,0,11,0
272,48893.4,22817.08,267284.08,655,35,0,23,0,11,0
273,49424.61999999999,23467.600000000002,270590.69999999995,663,37,0,24,0,11,0
274,49798.159999999996,23199.59,272190.39,666,36,0,23,0,11,0
275,50706.619999999995,22793.440000000002,276326.54,659,36,0,25,0,11,0
276,49892.02,22861.170000000002,272321.26999999996,662,36,0,24,0,11,0
277,49521.659999999996,23076.000000000004,270684.3,662,36,0,23,0,11,0
278,48837.719999999994,22471.850000000006,266660.44999999995,658,36,0,24,0,11,0
279,50033.86999999999,23052.629999999997,273221.9799999999,662,37,0,24,0,11,0
280,49707.759999999995,22779.71,271318.51,660,35,0,23,0,11,0
281,49900.02999999999,23146.87,272647.01999999996,669,34,0,25,0,11,0
282,50404.60999999999,22677.22,274700.26999999996,653,36,0,24,0,11,0
283,49814.81,22910.710000000006,271984.76,663,39,0,25,0,11,0
284,49847.78999999999,23077.620000000003,272316.56999999995,662,36,0,24,0,11,0
285,50413.89999999999,23265.940000000006,275335.43999999994,660,36,0,24,0,11,0
286,50515.34,23619.2,276195.89999999997,670,35,0,23,0,11,0
287,50459.67999999999,23247.91,275546.30999999994,669,36,0,23,0,11,0
288,49818.76,23131.210000000003,272225.01,659,34,0,24,0,11,0
289,48699.78999999999,23234.36,266733.30999999994,651,34,0,23,0,11,0
290,49372.43999999999,23319.53,270181.73,668,36,0,25,0,11,0
291,50855.89,23501.6,277781.05,668,36,0,23,0,11,0
292,50289.67999999999,23350.48,274798.87999999995,667,35,0,24,0,11,0
293,49615.939999999995,23815.92,271895.62,664,34,0,26,0,11,0
294,50362.4,22782.29,274594.29,654,36,0,23,0,11,0
295,50103.399999999994,23561.079999999998,274078.07999999996,666,37,0,25,0,11,0
296,49466.84999999999,23564.03,270898.2799999999,670,38,0,25,0,11,0
297,49893.009999999995,22471.290000000005,271936.33999999997,658,37,0,24,0,11,0
298,49414.49,23310.170000000002,270382.62,667,36,0,26,0,11,0
299,49387.659999999996,23064.15,270002.45,656,34,0,23,0,11,0
300,50008.729999999996,23529.699999999997,273573.35,667,37,0,23,0,11,0
301,49747.049999999996,23471.670000000006,272206.92,672,35,0,24,0,11,0
302,50007.22999999999,23697.280000000006,273733.42999999993,663,36,0,25,0,11,0
303,50246.759999999995,23094.47,274328.27,668,36,0,22,0,11,0
304,50674.049999999996,23168.22,276538.47,658,35,0,24,0,11,0
305,50095.88,23766.030000000006,274245.43,678,36,0,24,0,11,0
306,49793.73999999999,23182.509999999995,272151.20999999996,670,37,0,24,0,11,0
307,50455.189999999995,24028.809999999998,276304.76,683,36,0,25,0,11,0
308,49978.56999999999,23157.229999999996,273050.07999999996,665,36,0,25,0,11,0
309,50896.95,22946.91,277431.66,658,34,0,25,0,11,0
310,49637.56,22781.320000000003,270969.12,665,36,0,23,0,11,0
311,49748.299999999996,23594.73,272336.23,669,35,0,27,0,11,0
312,49659.28,22756.340000000004,271052.74,661,37,0,23,0,11,0
313,50288.74,23237.920000000002,274681.62,665,36,0,24,0,11,0
314,49848.829999999994,23129.549999999996,272373.69999999995,650,35,0,24,0,11,0
315,50830.92,23581.820000000003,277736.42,663,34,0,25,0,11,0
316,49663.63999999999,23295.730000000003,271613.92999999993,665,38,0,25,0,11,0
317,49188.899999999994,23154.239999999998,269098.74,652,35,0,25,0,11,0
318,48822.77,23411.56,267525.41,656,35,0,24,0,11,0
319,50553.81,23084.41,275853.45999999996,669,34,0,22,0,11,0
320,50010.479999999996,22932.66,272985.05999999994,667,35,0,23,0,11,0
321,49668.25,23103.449999999997,271444.7,661,36,0,25,0,11,0
322,50162.12999999999,23378.620000000003,274189.26999999996,664,35,0,25,0,11,0
323,50427.159999999996,22624.730000000003,274760.52999999997,662,37,0,24,0,11,0
324,50786.979999999996,23879.84,277814.74,680,35,0,26,0,11,0
325,50292.2,22651.890000000003,274112.89,665,37,0,23,0,11,0
326,48595.53999999999,23278.059999999994,266255.75999999995,647,36,0,25,0,11,0
327,50312.259999999995,23248.21,274809.51,668,35,0,25,0,11,0
328,50502.78,22914.18,275428.08,659,35,0,23,0,11,0
329,47867.939999999995,23395.589999999997,262735.29,649,34,0,25,0,11,0
330,50206.20999999999,22568.18,273599.23,661,36,0,23,0,11,0
331,50186.909999999996,23344.45,274279.0,668,35,0,25,0,11,0
332,47981.77,23466.380000000005,263375.23,656,35,0,25,0,11,0
333,48108.69999999999,22463.06,263006.55999999994,636,36,0,22,0,11,0
334,49909.06,23303.469999999994,272848.76999999996,666,35,0,25,0,11,0
335,49452.549999999996,23692.66,270955.41,669,34,0,22,0,11,0
336,50146.990000000005,23212.359999999997,273947.31,664,34,0,24,0,11,0
337,49291.219999999994,23414.719999999994,269870.81999999995,667,37,0,25,0,11,0
338,50822.96,23569.33,277684.13,673,37,0,25,0,11,0
339,49673.89,22946.0,271315.45,659,35,0,24,0,11,0
340,48785.35,23119.430000000008,267046.18,650,33,0,24,0,11,0
341,48655.06,23392.000000000004,266667.3,661,35,0,25,0,11,0
342,49568.52,23374.759999999995,271217.36,668,35,0,24,0,11,0
343,50334.56999999999,23092.289999999997,274765.13999999996,665,36,0,24,0,11,0
344,50237.64999999999,22781.910000000003,273970.1599999999,661,35,0,25,0,11,0
345,49814.91999999999,23764.91,272839.50999999995,660,35,0,26,0,11,0
346,50667.52,22996.92,276334.51999999996,668,37,0,25,0,11,0
347,49623.36,23185.41,271302.20999999996,658,33,0,25,0,11,0
348,50957.67999999999,22756.420000000002,277544.81999999995,666,35,0,25,0,11,0
349,50311.14,23779.960000000006,275335.66000000003,670,35,0,27,0,11,0
350,50725.95,23445.32,277075.07,663,35,0,23,0,11,0
351,51202.95,23267.36,279282.11,675,35,0,23,0,11,0
352,50406.59999999999,22719.14,274752.13999999996,649,35,0,23,0,11,0
353,49268.85,23463.93,269808.18,659,35,0,25,0,11,0
354,49840.27999999999,23047.899999999998,272249.3,667,36,0,23,0,11,0
355,49894.35999999999,22924.09,272395.88999999996,659,36,0,24,0,11,0
356,50672.59,23552.710000000003,276915.66,672,35,0,26,0,11,0
357,50608.91999999999,23501.760000000006,276546.3599999999,663,36,0,26,0,11,0
358,49976.80999999999,23412.219999999998,273296.26999999996,675,36,0,25,0,11,0
359,49971.10999999999,23104.28,272959.82999999996,665,36,0,25,0,11,0
360,49761.909999999996,22672.820000000003,271482.37,660,35,0,23,0,11,0
361,50626.17999999999,23493.85,276624.74999999994,671,34,0,24,0,11,0
362,50381.619999999995,23241.24,275149.33999999997,663,35,0,25,0,11,0
363,50345.0,23157.900000000005,274882.9,658,34,0,23,0,11,0
364,49486.42999999999,23400.630000000005,270832.77999999997,660,36,0,24,0,11,0
365,49510.20999999999,23332.02,270883.06999999995,667,36,0,23,0,11,0
366,50993.219999999994,23218.120000000003,278184.22,666,36,0,25,0,11,0
367,50722.64,23546.56,277159.76,676,35,0,24,0,11,0
368,48516.74,23046.420000000002,265630.12,653,36,0,23,0,11,0
369,49573.81,22593.050000000003,270462.1,657,37,0,23,0,11,0
370,50025.78999999999,22938.38,273067.32999999996,664,36,0,25,0,11,0
371,50007.56,23494.540000000008,273532.33999999997,668,36,0,25,0,11,0
372,50378.38,22774.699999999997,274666.6,657,34,0,23,0,11,0
373,50210.17999999999,22617.969999999998,273668.86999999994,653,36,0,24,0,11,0
374,50644.92,24200.18,277424.77999999997,666,34,0,26,0,11,0
375,50130.65999999999,23123.94,273777.23999999993,664,36,0,26,0,11,0
376,48448.969999999994,22984.66,265229.50999999995,649,37,0,26,0,11,0
377,50572.74,23259.33,276123.02999999997,670,36,0,24,0,11,0
378,49927.439999999995,22743.84,272381.04,663,36,0,24,0,11,0
379,49753.67999999999,23608.94,272377.33999999997,673,37,0,25,0,11,0
380,51060.92999999999,23452.41,278757.05999999994,669,34,0,25,0,11,0
381,50892.85999999999,23853.910000000007,278318.20999999996,671,36,0,27,0,11,0
382,50257.99,23512.5,274802.44999999995,666,36,0,24,0,11,0
383,50041.979999999996,23281.46,273491.36,665,34,0,23,0,11,0
384,49981.23999999999,22693.670000000006,272599.86999999994,664,35,0,23,0,11,0
385,50892.36,22866.270000000004,277328.07,657,36,0,24,0,11,0
386,49726.24,22970.17,271601.37,665,35,0,25,0,11,0
387,50900.12,23387.219999999994,277887.82,676,34,0,24,0,11,0
388,49517.75,23292.100000000002,270880.85,668,36,0,23,0,11,0
389,49622.09999999999,22834.2,270944.69999999995,660,36,0,25,0,11,0
390,49916.06999999999,23603.82,273184.17,670,36,0,25,0,11,0
391,50196.619999999995,23563.969999999998,274547.06999999995,678,36,0,26,0,11,0
392,50161.52999999999,23076.49,273884.13999999996,665,35,0,25,0,11,0
393,50378.17,22725.970000000005,274616.82,658,36,0,23,0,11,0
394,49457.509999999995,23589.980000000003,270877.52999999997,663,36,0,25,0,11,0
395,47728.67999999999,22912.63,261556.02999999997,647,36,0,24,0,11,0
396,50005.549999999996,23462.84,273490.58999999997,663,35,0,26,0,11,0
397,48060.89,23060.160000000003,263364.61,645,35,0,23,0,11,0
398,51138.13,23552.42,279243.07,673,36,0,26,0,11,0
399,48319.689999999995,23367.2,264965.64999999997,659,37,0,25,0,11,0
400,50157.67999999999,23771.260000000002,274559.66,673,35,0,26,0,11,0
401,49008.03999999999,23696.29,268736.48999999993,652,33,0,25,0,11,0
402,49963.329999999994,23683.33,273499.98,668,35,0,25,0,11,0
403,50319.42,22762.100000000002,274359.19999999995,660,36,0,23,0,11,0
404,48654.369999999995,23195.49,266467.33999999997,652,34,0,24,0,11,0
405,50295.61,23446.370000000006,274924.42,676,35,0,26,0,11,0
406,50203.09,23319.899999999998,274335.35,672,38,0,25,0,11,0
407,49036.33999999999,23642.6,268824.29999999993,660,34,0,25,0,11,0
408,51271.759999999995,23368.070000000003,279726.87,657,34,0,22,0,11,0
409,49544.28,22819.609999999993,270541.01,655,36,0,24,0,11,0
410,50097.28999999999,23495.39,273981.83999999997,658,36,0,25,0,11,0
411,50072.40999999999,23878.49,274240.5399999999,670,35,0,23,0,11,0
412,48014.729999999996,23664.859999999997,263738.50999999995,652,35,0,25,0,11,0
413,48935.34999999999,23106.4,267783.14999999997,659,36,0,26,0,11,0
414,50204.17999999999,23133.47,274154.37,675,36,0,24,0,11,0
415,50198.17999999999,23766.07,274756.97,671,36,0,26,0,11,0
416,49286.56,22808.72,269241.52,660,35,0,25,0,11,0
417,50673.56,22978.100000000002,276345.89999999997,666,35,0,24,0,11,0
418,50750.56,23456.28,277209.07999999996,670,35,0,25,0,11,0
419,49840.009999999995,23237.72,272437.77,665,35,0,22,0,11,0
420,49983.079999999994,23570.269999999997,273485.67,665,36,0,25,0,11,0
421,50743.12999999998,23013.129999999994,276728.7799999999,675,37,0,23,0,11,0
422,50100.36,23694.93,274196.73,669,35,0,25,0,11,0
423,50979.700000000004,23694.079999999998,278592.58,673,35,0,26,0,11,0
424,49559.009999999995,23218.29,271013.33999999997,661,38,0,25,0,11,0
425,50407.74999999999,23389.91,275428.66,667,35,0,24,0,11,0
426,50039.229999999996,22284.47,272480.62,660,36,0,24,0,11,0
427,50236.049999999996,23542.38,274722.62999999995,670,35,0,24,0,11,0
428,49686.7,23469.850000000002,271903.35,662,36,0,24,0,11,0
429,50609.47,22597.86,275645.21,645,35,0,25,0,11,0
430,49618.729999999996,22877.729999999996,270971.37999999995,659,35,0,24,0,11,0
431,50036.45999999999,23696.410000000003,273878.70999999996,678,36,0,25,0,11,0
432,50408.51999999999,23585.769999999997,275628.36999999994,668,36,0,25,0,11,0
433,50008.07,23066.66,273107.01,654,36,0,24,0,11,0
434,49998.82,23529.719999999998,273523.82,665,35,0,25,0,11,0
435,50356.39,24104.400000000005,275886.35000000003,660,34,0,23,0,11,0
436,50628.17,23135.749999999996,276276.6,665,35,0,24,0,11,0
437,49883.619999999995,23189.050000000007,272607.14999999997,664,36,0,24,0,11,0
438,50773.85,23524.17,277393.42,654,35,0,24,0,11,0
439,49694.219999999994,23170.47,271641.56999999995,668,37,0,24,0,11,0
440,48746.31,23278.000000000004,267009.55,649,35,0,25,0,11,0
441,49708.20999999999,23216.999999999996,271758.04999999993,665,36,0,25,0,11,0
442,49773.63,23195.13,272063.27999999997,657,35,0,23,0,11,0
443,50192.32,23023.120000000003,273984.72000000003,661,34,0,24,0,11,0
444,49754.05999999999,22574.17,271344.47,655,35,0,23,0,11,0
445,51342.6,23019.619999999995,279732.62,666,35,0,24,0,11,0
446,50214.53999999999,23246.18,274318.87999999995,668,37,0,25,0,11,0
447,50284.49999999999,22469.510000000006,273892.00999999995,662,37,0,24,0,11,0
448,48668.02,23151.38,266491.48,648,35,0,24,0,11,0
449,50939.7,23533.4,278231.9,677,35,0,24,0,11,0
450,50260.64999999999,23464.73,274767.9799999999,673,37,0,26,0,11,0
451,51047.77,23422.679999999997,278661.52999999997,678,35,0,24,0,11,0
452,50411.74,22806.289999999997,274864.99,659,35,0,24,0,11,0
453,50792.91999999999,23172.590000000004,277137.18999999994,672,35,0,23,0,11,0
454,50196.66999999999,22877.65,273860.99999999994,672,36,0,24,0,11,0
455,50017.939999999995,22256.09,272345.79,655,34,0,22,0,11,0
456,49811.579999999994,23243.150000000005,272301.05,657,37,0,23,0,11,0
457,50390.2,23078.81,275029.81,661,36,0,25,0,11,0
458,50534.75,23302.53,275976.28,665,35,0,24,0,11,0
459,50957.92,22798.280000000006,277587.88,655,34,0,25,0,11,0
460,49916.87999999999,22686.72,272271.12,656,37,0,24,0,11,0
461,49176.05,23134.79,269015.04,661,35,0,26,0,11,0
462,50074.74999999999,23311.800000000007,273685.55,667,37,0,27,0,11,0
463,49866.54,23682.08,273014.78,671,37,0,26,0,11,0
464,50549.78999999999,23691.86,276440.80999999994,663,33,0,25,0,11,0
465,49682.85,23529.89,271944.14,656,35,0,27,0,11,0
466,49019.84,23197.65,268296.85,653,35,0,23,0,11,0
467,49672.78999999999,23168.800000000003,271532.74999999994,666,36,0,25,0,11,0
468,49383.99999999999,22723.690000000002,269643.68999999994,655,36,0,25,0,11,0
469,50898.04,23658.379999999997,278148.58,673,34,0,26,0,11,0
470,48603.59999999999,23168.670000000002,266186.6699999999,660,35,0,24,0,11,0
471,50103.189999999995,23206.26,273722.20999999996,666,35,0,25,0,11,0
472,50565.2,23759.05000000001,276585.05,674,36,0,27,0,11,0
473,49845.829999999994,22770.920000000002,272000.06999999995,664,36,0,24,0,11,0
474,50128.03,22578.35,273218.5,659,35,0,24,0,11,0
475,49923.77,23687.139999999996,273305.99,676,36,0,25,0,11,0
476,50004.719999999994,23659.979999999996,273683.57999999996,664,34,0,25,0,11,0
477,49798.68999999999,23111.289999999997,272104.73999999993,666,36,0,25,0,11,0
478,50184.799999999996,23306.21,274230.20999999996,662,35,0,24,0,11,0
479,50892.80999999999,21942.02,276406.06999999995,652,35,0,23,0,11,0
480,50486.61,23034.550000000003,275467.6,671,36,0,25,0,11,0
481,50140.24999999999,23274.670000000006,273975.92,655,35,0,26,0,11,0
482,49685.53999999999,23701.120000000006,272128.81999999995,667,34,0,26,0,11,0
483,50889.07,23313.47,277758.82,672,35,0,24,0,11,0
484,49913.619999999995,23064.140000000003,272632.24,666,35,0,25,0,11,0
485,50275.24,23800.670000000002,275176.87,671,37,0,26,0,11,0
486,49866.74,22828.87,272162.57,664,36,0,24,0,11,0
487,49852.259999999995,23411.83,272673.13,673,37,0,23,0,11,0
488,49787.929999999986,23409.589999999997,272349.23999999993,662,36,0,24,0,11,0
489,49501.37999999999,23276.180000000004,270783.07999999996,668,35,0,26,0,11,0
490,50219.619999999995,22609.599999999995,273707.69999999995,666,35,0,23,0,11,0
491,50265.10999999999,22822.16,274147.70999999996,664,35,0,24,0,11,0
492,48453.649999999994,23159.19,265427.43999999994,647,35,0,23,0,11,0
493,49323.02,23748.079999999998,270363.18,669,37,0,26,0,11,0
494,49918.229999999996,22117.639999999996,271708.79,650,36,0,22,0,11,0
495,49783.23999999999,22788.56,271704.75999999995,650,37,0,24,0,11,0
496,49684.009999999995,23102.880000000005,271522.93,669,37,0,25,0,11,0
497,49810.909999999996,23608.54,272663.08999999997,669,35,0,24,0,11,0
498,48664.42999999999,23461.96,266784.11,656,37,0,23,0,11,0
499,50198.31,23238.239999999998,274229.79,658,34,0,24,0,11,0
500,48975.45999999999,23734.22,268611.51999999996,657,34,0,26,0,11,0
501,50384.689999999995,22917.219999999994,274840.67,652,37,0,23,0,11,0
502,49688.67999999999,23471.300000000003,271914.69999999995,667,38,0,24,0,11,0
503,50265.509999999995,23643.25,274970.8,674,36,0,25,0,11,0
504,50245.01999999999,23225.45,274450.54999999993,667,36,0,25,0,11,0
505,47956.0,22952.370000000003,262732.37,646,35,0,24,0,11,0
506,50761.45,23343.960000000006,277151.21,667,35,0,25,0,11,0
507,50827.869999999995,22831.97,276971.31999999995,653,37,0,24,0,11,0
508,50438.76999999999,23512.28,275706.12999999995,666,37,0,26,0,11,0
509,49467.49999999999,22830.99,270168.49,664,36,0,25,0,11,0
510,50011.1,23675.04,273730.54,672,37,0,26,0,11,0
511,49631.64,23068.440000000006,271226.64,662,35,0,25,0,11,0
512,50485.02999999999,22551.29,274976.43999999994,664,37,0,23,0,11,0
513,50446.159999999996,23431.09,275661.89,674,35,0,25,0,11,0
514,50939.329999999994,23761.2,278457.85,677,34,0,24,0,11,0
515,49865.31,23891.609999999997,273218.16,673,36,0,23,0,11,0
516,49580.649999999994,23761.830000000005,271665.07999999996,672,36,0,26,0,11,0
517,49682.659999999996,23532.059999999998,271945.36,672,35,0,25,0,11,0
518,48573.17999999999,22990.72,265856.62,649,35,0,25,0,11,0
519,50517.34999999999,23735.640000000003,276322.38999999996,669,34,0,25,0,11,0
520,49611.659999999996,23424.45,271482.75,671,37,0,24,0,11,0
521,49936.009999999995,23626.050000000003,273306.1,662,36,0,25,0,11,0
522,49943.98999999999,23413.700000000004,273133.64999999997,668,36,0,26,0,11,0
523,50305.82,23111.559999999994,274640.66,669,35,0,25,0,11,0
524,50449.420000000006,23549.410000000003,275796.51,670,36,0,25,0,11,0
525,50067.689999999995,23059.21,273397.66,658,35,0,25,0,11,0
526,50150.59,22639.770000000004,273392.72,657,35,0,24,0,11,0
527,49993.78,23702.19,273671.08999999997,670,35,0,24,0,11,0
528,49503.159999999996,23040.060000000005,270555.86,664,36,0,26,0,11,0
529,49786.32,23474.41,272406.01,663,36,0,24,0,11,0
530,50745.52999999999,23219.28,276946.92999999993,665,35,0,26,0,11,0
531,49866.25999999999,22875.78,272207.07999999996,670,36,0,24,0,11,0
532,49401.78999999999,23233.2,270242.14999999997,664,35,0,24,0,11,0
533,50739.869999999995,22643.79,276343.13999999996,661,35,0,24,0,11,0
534,49709.689999999995,23771.25,272319.69999999995,673,37,0,24,0,11,0
535,49532.979999999996,23539.290000000005,271204.18999999994,671,37,0,24,0,11,0
536,50007.59,23814.070000000003,273852.01999999996,672,37,0,25,0,11,0
537,49639.09999999999,23970.929999999997,272166.42999999993,674,35,0,25,0,11,0
538,49028.34,23675.920000000002,268817.62,663,34,0,25,0,11,0
539,50121.40999999999,23297.950000000004,273904.99999999994,660,37,0,26,0,11,0
540,50239.659999999996,22995.350000000002,274193.64999999997,659,35,0,24,0,11,0
541,49008.31,23628.43,268669.98,655,33,0,26,0,11,0
542,49858.98999999999,23332.52,272627.47,667,35,0,24,0,11,0
543,50118.759999999995,22448.309999999994,273042.11,659,36,0,23,0,11,0
544,50385.31999999999,23652.87,275579.47,670,37,0,23,0,11,0
545,49587.87999999999,23037.86,270977.25999999995,661,36,0,25,0,11,0
546,49818.17,23319.179999999997,272410.02999999997,658,36,0,23,0,11,0
547,47841.299999999996,23195.059999999998,262401.55999999994,649,35,0,23,0,11,0
548,50139.829999999994,23101.250000000004,273800.39999999997,666,36,0,25,0,11,0
549,49810.49999999999,23776.809999999998,272829.30999999994,669,35,0,25,0,11,0
550,48286.10999999999,24174.84,265605.38999999996,658,35,0,23,0,11,0
551,49368.549999999996,23348.7,270191.44999999995,660,36,0,25,0,11,0
552,49262.83999999999,22886.409999999996,269200.6099999999,654,36,0,22,0,11,0
553,50331.630000000005,23280.9,274939.05000000005,667,36,0,24,0,11,0
554,50322.78999999999,23407.760000000006,275021.70999999996,663,35,0,25,0,11,0
555,49590.229999999996,23633.31,271584.45999999996,664,37,0,25,0,11,0
556,50175.53999999999,23657.59,274535.29,671,36,0,26,0,11,0
557,49009.06999999999,23177.060000000005,268222.41,647,35,0,24,0,11,0
558,50788.229999999996,23507.539999999997,277448.68999999994,680,35,0,25,0,11,0
559,50348.09999999999,23788.15,275528.64999999997,668,36,0,26,0,11,0
560,50257.14,22790.139999999996,274075.84,659,37,0,24,0,11,0
561,50013.729999999996,23027.539999999997,273096.18999999994,658,36,0,25,0,11,0
562,50149.84,22679.02,273428.22,661,35,0,24,0,11,0
563,49876.25999999999,22501.690000000002,271882.98999999993,655,35,0,23,0,11,0
564,50480.38,23551.63,275953.52999999997,667,35,0,24,0,11,0
565,49878.479999999996,23552.59,272944.99,671,35,0,27,0,11,0
566,50641.47999999999,22920.690000000002,276128.08999999997,669,35,0,23,0,11,0
567,48378.369999999995,23274.260000000002,265166.11,646,35,0,26,0,11,0
568,48428.68,23673.41,265816.81,646,36,0,23,0,11,0
569,49918.12999999999,23126.74,272717.38999999996,664,35,0,25,0,11,0
570,50414.40999999999,22849.39,274921.43999999994,657,35,0,25,0,11,0
571,50054.35999999999,22504.500000000004,272776.3,659,36,0,24,0,11,0
572,49986.52,22762.33,272694.93,661,37,0,24,0,11,0
573,48681.08,23271.519999999997,266676.92000000004,646,35,0,26,0,11,0
574,49183.60999999999,22902.18,268820.23,652,35,0,25,0,11,0
575,50104.21,23087.94,273608.99,659,35,0,24,0,11,0
576,50796.11,23490.26,277470.81,671,36,0,26,0,11,0
577,49749.85999999999,22874.690000000006,271623.99,661,36,0,25,0,11,0
578,50336.659999999996,23725.620000000006,275408.92,675,35,0,26,0,11,0
579,49494.259999999995,23115.529999999995,270586.82999999996,661,35,0,25,0,11,0
580,50462.59,23163.13000000001,275476.08,669,34,0,25,0,11,0
581,49743.02,23960.050000000003,272675.14999999997,677,36,0,26,0,11,0
582,49605.34999999999,23297.060000000005,271323.80999999994,656,36,0,27,0,11,0
583,49772.1,23828.920000000002,272689.42,672,37,0,25,0,11,0
584,49546.869999999995,22979.25,270713.6,651,34,0,24,0,11,0
585,49829.74,23167.960000000003,272316.66,668,36,0,26,0,11,0
586,49940.59,23193.57,272896.51999999996,668,36,0,24,0,11,0
587,50183.829999999994,23439.920000000002,274359.06999999995,673,36,0,24,0,11,0
588,49701.7,23045.33,271553.83,661,34,0,25,0,11,0
589,50719.71,23676.000000000004,277274.55,663,34,0,25,0,11,0
590,49622.17,23106.38,271217.23,668,38,0,22,0,11,0
591,50342.36,23517.030000000002,275228.83,670,36,0,26,0,11,0
592,49892.17999999999,22917.410000000003,272378.30999999994,661,36,0,23,0,11,0
593,49875.469999999994,23098.93,272476.27999999997,670,36,0,24,0,11,0
594,49806.53,22865.760000000002,271898.41,654,35,0,24,0,11,0
595,50063.49999999999,22790.46,273107.95999999996,665,35,0,23,0,11,0
596,51098.38999999999,23424.54,278916.48999999993,671,35,0,24,0,11,0
597,49886.28,22856.559999999998,272287.95999999996,659,35,0,23,0,11,0
598,50257.74999999999,22945.64,274234.38999999996,658,34,0,25,0,11,0
599,48234.25999999999,23258.86,264430.1599999999,652,35,0,25,0,11,0
600,50107.05999999999,23120.629999999997,273655.92999999993,662,37,0,23,0,11,0
601,50532.7,23617.94,276281.44,665,34,0,24,0,11,0
602,51058.13999999999,23034.67,278325.36999999994,665,35,0,24,0,11,0
603,50099.63999999999,24189.350000000006,274687.54999999993,682,36,0,26,0,11,0
604,50977.719999999994,22948.440000000002,277837.04,660,35,0,22,0,11,0
605,50200.97999999999,23414.629999999997,274419.5299999999,675,36,0,25,0,11,0
606,49683.119999999995,23606.220000000005,272021.82,674,37,0,24,0,11,0
607,50221.41999999999,23334.140000000003,274441.23999999993,670,38,0,24,0,11,0
608,49700.0,22829.84,271329.84,664,36,0,23,0,11,0
609,50533.579999999994,23513.650000000005,276181.55,663,36,0,24,0,11,0
610,50214.7,23516.380000000005,274589.88,668,35,0,25,0,11,0
611,49798.399999999994,23539.17,272531.17,669,37,0,25,0,11,0
612,49627.939999999995,22874.72,271014.42,661,35,0,23,0,11,0
613,49289.759999999995,23137.72,269586.52,662,36,0,24,0,11,0
614,49096.83999999999,23083.309999999998,268567.50999999995,665,37,0,24,0,11,0
615,48594.909999999996,22929.239999999998,265903.79,655,35,0,24,0,11,0
616,50535.159999999996,24218.810000000005,276894.61,681,36,0,24,0,11,0
617,51020.59,22477.579999999998,277580.52999999997,665,35,0,23,0,11,0
618,48767.119999999995,23214.120000000006,267049.72,653,35,0,24,0,11,0
619,50710.34999999999,23696.24,277247.98999999993,667,35,0,26,0,11,0
620,50279.119999999995,22330.83,273726.43,657,35,0,24,0,11,0
621,47990.14,23488.34,263439.04000000004,649,33,0,25,0,11,0
622,50237.86,23256.070000000003,274445.37,659,36,0,24,0,11,0
623,50020.27,23977.520000000004,274078.87,676,35,0,26,0,11,0
624,49931.78999999999,23269.27,272928.22,667,37,0,24,0,11,0
625,50549.17,23092.269999999997,275838.12,657,35,0,23,0,11,0
626,49710.829999999994,22918.38,271472.52999999997,663,37,0,26,0,11,0
627,49786.02999999999,23049.899999999998,271980.05,652,36,0,26,0,11,0
628,50703.78999999999,23508.840000000007,277027.79,672,35,0,25,0,11,0
629,50381.27,23293.19,275199.54,663,35,0,23,0,11,0
630,49953.62999999999,23561.419999999995,273329.56999999995,662,35,0,24,0,11,0
631,50082.32,22859.820000000003,273271.42,660,35,0,24,0,11,0
632,50097.87999999999,23134.02,273623.42,664,37,0,24,0,11,0
633,50229.189999999995,23076.22,274222.17,662,36,0,24,0,11,0
634,50012.56,23484.0,273546.8,664,35,0,25,0,11,0
635,50504.549999999996,23440.890000000003,275963.63999999996,662,36,0,23,0,11,0
636,50298.45999999999,23426.070000000003,274918.36999999994,663,36,0,25,0,11,0
637,50113.49,23520.78,274088.23,668,36,0,25,0,11,0
638,50178.64,23364.25,274257.45,674,35,0,22,0,11,0
639,50205.67999999999,22237.790000000005,273266.18999999994,650,35,0,23,0,11,0
640,50328.19999999999,23008.779999999995,274649.7799999999,670,36,0,24,0,11,0
641,49159.189999999995,22781.269999999997,268577.22,663,39,0,24,0,11,0
642,50763.28,23731.92,277548.32,668,35,0,25,0,11,0
643,50521.44,23817.450000000004,276424.65,677,34,0,25,0,11,0
644,50060.46,23391.880000000005,273694.18,667,36,0,24,0,11,0
645,50024.59999999999,22963.849999999995,273086.8499999999,657,36,0,23,0,11,0
646,49993.439999999995,23309.999999999996,273277.19999999995,672,36,0,23,0,11,0
647,49963.329999999994,24336.359999999997,274153.00999999995,674,35,0,25,0,11,0
648,50676.06999999999,23122.140000000007,276502.49,670,35,0,24,0,11,0
649,49688.59,22827.270000000004,271270.22,663,35,0,23,0,11,0
650,50676.159999999996,23562.52,276943.32,674,37,0,24,0,11,0
651,51041.21,23827.83,279033.88,683,35,0,25,0,11,0
652,50493.619999999995,23008.05,275476.14999999997,662,35,0,25,0,11,0
653,49978.06,22657.30000000001,272547.6,656,36,0,25,0,11,0
654,49975.65999999999,22958.02,272836.31999999995,669,36,0,23,0,11,0
655,49912.66999999999,22607.590000000004,272170.93999999994,650,36,0,25,0,11,0
656,50312.60999999999,22992.22,274555.26999999996,659,36,0,24,0,11,0
657,50315.49999999999,22406.190000000002,273983.68999999994,659,36,0,24,0,11,0
658,50151.04,23157.43,273912.63,659,37,0,24,0,11,0
659,49835.57,22952.120000000003,272129.97000000003,649,34,0,24,0,11,0
660,49424.799999999996,23509.12,270633.12,668,37,0,25,0,11,0
661,50299.77,23032.53,274531.38,670,36,0,23,0,11,0
662,50520.39,22793.76,275395.71,653,34,0,23,0,11,0
663,50413.719999999994,23081.860000000004,275150.45999999996,663,35,0,25,0,11,0
664,50040.13,23022.87,273223.52,663,36,0,24,0,11,0
665,48181.549999999996,22978.8,263886.55,639,35,0,24,0,11,0
666,50059.09,23178.480000000003,273473.93,670,36,0,24,0,11,0
667,50626.149999999994,23483.170000000002,276613.92,677,36,0,26,0,11,0
668,49767.33999999999,23103.88,271940.57999999996,670,37,0,26,0,11,0
669,50787.53,23315.580000000005,277253.23,669,35,0,24,0,11,0
670,50117.06999999999,22783.999999999993,273369.35,655,35,0,23,0,11,0
671,50163.38999999999,23219.140000000003,274036.08999999997,670,37,0,25,0,11,0
672,49826.56999999999,23352.85,272485.69999999995,668,37,0,24,0,11,0
673,50290.469999999994,23189.620000000003,274641.97,666,37,0,24,0,11,0
674,49153.62999999999,23196.110000000004,268964.25999999995,656,37,0,24,0,11,0
675,50515.00999999999,23681.35,276256.3999999999,679,36,0,23,0,11,0
676,49705.81999999999,23411.69,271940.79,671,38,0,24,0,11,0
677,48504.92999999999,22918.24,265442.88999999996,650,34,0,23,0,11,0
678,50107.06,23567.220000000005,274102.52,670,35,0,25,0,11,0
679,49791.829999999994,23504.079999999998,272463.23,673,35,0,24,0,11,0
680,50155.689999999995,23635.250000000004,274413.7,664,35,0,25,0,11,0
681,50160.88,23605.32,274409.72,667,34,0,25,0,11,0
682,49479.85,22998.54,270397.79,663,38,0,24,0,11,0
683,50834.899999999994,23706.13,277880.62999999995,675,34,0,25,0,11,0
684,50034.29999999999,23604.870000000003,273776.36999999994,662,35,0,23,0,11,0
685,49951.06,23077.649999999998,272832.95,666,36,0,23,0,11,0
686,49495.619999999995,23165.410000000003,270643.51,658,36,0,25,0,11,0
687,49729.05999999999,23270.75,271916.04999999993,659,36,0,24,0,11,0
688,49718.829999999994,23361.600000000002,271955.74999999994,669,37,0,25,0,11,0
689,49917.43,23384.77,272971.92,669,37,0,24,0,11,0
690,50541.909999999996,22957.030000000002,275666.58,670,35,0,23,0,11,0
691,50186.45999999999,23895.990000000005,274828.29,669,35,0,26,0,11,0
692,49309.62999999999,23836.280000000002,270384.43,670,36,0,26,0,11,0
693,49403.81999999999,23505.33,270524.43,671,37,0,25,0,11,0
694,50325.84,22431.459999999995,274060.66,652,36,0,22,0,11,0
695,49650.42999999999,23063.000000000004,271315.14999999997,664,37,0,24,0,11,0
696,49667.56,23778.900000000005,272116.7,672,37,0,25,0,11,0
697,49923.079999999994,23112.56,272727.95999999996,668,35,0,24,0,11,0
698,49027.799999999996,23098.11,268237.11,651,35,0,24,0,11,0
699,50579.30999999999,23484.480000000003,276381.02999999997,675,35,0,23,0,11,0
700,50422.56999999999,23836.120000000003,275948.97,668,35,0,26,0,11,0
701,48936.409999999996,22964.760000000002,267646.81,643,34,0,25,0,11,0
702,49465.149999999994,23982.510000000002,271308.25999999995,676,36,0,24,0,11,0
703,50401.46,23343.48,275350.77999999997,670,33,0,25,0,11,0
704,48978.39,23498.74,268390.69,658,34,0,25,0,11,0
705,49749.38,23736.820000000003,272483.72,670,36,0,25,0,11,0
706,50351.13999999999,23835.889999999996,275591.58999999997,673,34,0,24,0,11,0
707,49889.759999999995,23771.690000000006,273220.49,668,36,0,26,0,11,0
708,50071.049999999996,23185.530000000002,273540.77999999997,664,35,0,25,0,11,0
709,49897.95,23540.67,273030.42,670,35,0,24,0,11,0
710,49243.17,22645.320000000003,268861.17,654,35,0,23,0,11,0
711,50255.5,22638.610000000004,273916.11,667,37,0,24,0,11,0
712,50245.59999999999,22884.64,274112.63999999996,667,36,0,24,0,11,0
713,48675.72,22705.429999999997,266084.03,645,33,0,22,0,11,0
714,50051.52,23232.520000000004,273490.12,658,36,0,25,0,11,0
715,50464.509999999995,23031.649999999994,275354.19999999995,675,36,0,24,0,11,0
716,50104.61999999999,23964.040000000005,274487.13999999996,675,36,0,27,0,11,0
717,50414.380000000005,23377.480000000003,275449.38,673,36,0,23,0,11,0
718,50173.23999999999,23642.379999999997,274508.57999999996,667,35,0,26,0,11,0
719,48222.659999999996,23035.13,264148.43,645,36,0,25,0,11,0
720,48962.74999999999,23074.530000000002,267888.27999999997,655,37,0,24,0,11,0
721,50257.97999999999,23801.02,275090.9199999999,669,35,0,26,0,11,0
722,50049.09999999999,23442.56,273688.05999999994,673,36,0,23,0,11,0
723,49560.74999999999,22913.61,270717.36,662,35,0,23,0,11,0
724,50648.31999999999,23753.200000000008,276994.8,678,35,0,25,0,11,0
725,50160.99999999999,22795.729999999996,273600.73,667,37,0,23,0,11,0
726,50949.84,22122.100000000002,276871.3,656,35,0,23,0,11,0
727,49861.77999999999,23250.659999999996,272559.55999999994,665,35,0,25,0,11,0
728,50252.759999999995,22664.620000000003,273928.42,656,36,0,25,0,11,0
729,50207.50999999999,23145.519999999997,274183.06999999995,664,36,0,24,0,11,0
730,50705.399999999994,23237.56,276764.56,666,35,0,26,0,11,0
731,50036.77999999999,23765.13,273949.02999999997,671,36,0,25,0,11,0
732,50222.03999999999,22388.730000000003,273498.92999999993,658,36,0,23,0,11,0
733,49777.62999999999,23165.85,272053.99999999994,662,35,0,24,0,11,0
734,50002.70999999999,23027.689999999995,273041.23999999993,669,35,0,24,0,11,0
735,50465.52,23157.23,275484.82999999996,662,36,0,24,0,11,0
736,50124.5,22939.570000000003,273562.07,661,35,0,26,0,11,0
737,50279.469999999994,22699.350000000002,274096.69999999995,655,36,0,24,0,11,0
738,49815.75,23369.190000000002,272447.94,658,34,0,24,0,11,0
739,50353.35999999999,22912.65,274679.44999999995,658,36,0,24,0,11,0
740,50206.46,23073.850000000006,274106.15,658,35,0,23,0,11,0
741,50715.869999999995,22606.13,276185.48,650,35,0,24,0,11,0
742,49884.67999999999,22994.110000000004,272417.50999999995,662,36,0,22,0,11,0
743,49847.509999999995,22513.730000000003,271751.27999999997,656,35,0,24,0,11,0
744,49461.899999999994,23026.350000000002,270335.85,659,36,0,25,0,11,0
745,50598.07,22677.980000000003,275668.33,662,34,0,23,0,11,0
746,49387.78,23609.15,270548.05,672,36,0,25,0,11,0
747,50193.799999999996,23372.599999999995,274341.6,662,35,0,23,0,11,0
748,50366.35,23346.1,275177.85,665,35,0,25,0,11,0
749,50067.58999999999,23352.68,273690.62999999995,662,38,0,24,0,11,0
750,49655.87,24026.040000000005,272305.39,677,37,0,25,0,11,0
751,50467.63999999999,23097.40000000001,275435.6,655,35,0,24,0,11,0
752,49948.69999999999,22647.82,272391.31999999995,656,36,0,23,0,11,0
753,50081.329999999994,23044.979999999996,273451.62999999995,662,36,0,25,0,11,0
754,50585.56,22978.089999999997,275905.89,674,34,0,24,0,11,0
755,49139.88,22993.980000000003,268693.38,652,33,0,23,0,11,0
756,50173.469999999994,23124.42,273991.76999999996,653,36,0,25,0,11,0
757,49889.659999999996,22694.05,272142.35,656,36,0,23,0,11,0
758,50476.61999999999,22979.260000000002,275362.3599999999,658,36,0,24,0,11,0
759,48117.439999999995,23584.870000000006,264172.07,653,35,0,26,0,11,0
760,50400.02,23305.969999999998,275306.06999999995,669,36,0,23,0,11,0
761,49759.23999999999,22759.13,271555.32999999996,657,37,0,24,0,11,0
762,50371.99999999999,22947.61,274807.61,673,36,0,24,0,11,0
763,49886.719999999994,22315.810000000005,271749.41,659,36,0,24,0,11,0
764,50008.48999999999,22679.690000000002,272722.13999999996,661,38,0,23,0,11,0
765,50603.70999999999,22578.749999999996,275597.29999999993,661,35,0,22,0,11,0
766,49921.04,23866.710000000006,273471.91000000003,671,37,0,27,0,11,0
767,49889.28999999999,23593.480000000003,273039.92999999993,674,36,0,25,0,11,0
768,49794.03,22578.32,271548.47,658,37,0,22,0,11,0
769,49915.2,23148.890000000003,272724.89,657,37,0,25,0,11,0
770,48823.369999999995,23308.7,267425.55,664,38,0,25,0,11,0
771,50302.78999999999,23344.88,274858.82999999996,675,37,0,23,0,11,0
772,50833.42,23257.070000000003,277424.17,665,35,0,24,0,11,0
773,49911.88,23495.52,273054.92,672,36,0,25,0,11,0
774,50104.14,22860.44,273381.14,658,36,0,23,0,11,0
775,49895.53999999999,23234.18,272711.87999999995,666,35,0,25,0,11,0
776,50286.12999999999,23167.309999999998,274597.95999999996,672,35,0,23,0,11,0
777,50268.17999999999,23207.09,274547.99,666,36,0,26,0,11,0
778,49950.899999999994,23339.62,273094.12,660,35,0,27,0,11,0
779,50428.59,23175.52,275318.47,663,33,0,23,0,11,0
780,49857.18,23580.630000000005,272866.53,675,36,0,26,0,11,0
781,49576.469999999994,23358.100000000006,271240.44999999995,657,36,0,25,0,11,0
782,50014.02999999999,22872.4,272942.55,658,36,0,25,0,11,0
783,50731.189999999995,23129.34,276785.29,667,34,0,24,0,11,0
784,50612.09999999999,23669.440000000002,276729.93999999994,671,35,0,27,0,11,0
785,49748.95,23453.340000000004,272198.09,667,37,0,25,0,11,0
786,49556.59,22809.3,270592.25,659,35,0,25,0,11,0
787,51471.85999999999,22646.850000000002,280006.14999999997,667,35,0,24,0,11,0
788,48736.719999999994,24094.630000000005,267778.23,656,35,0,26,0,11,0
789,50292.56,22300.010000000002,273762.81,654,37,0,25,0,11,0
790,49754.65999999999,23415.47,272188.7699999999,668,36,0,26,0,11,0
791,50356.62999999999,23547.36,275330.50999999995,675,35,0,25,0,11,0
792,50312.380000000005,23102.360000000004,274664.26,669,35,0,24,0,11,0
793,49757.45999999999,22963.399999999998,271750.69999999995,657,36,0,25,0,11,0
794,49415.28,23037.500000000004,270113.9,661,37,0,23,0,11,0
795,49570.32,23016.61000000001,270868.21,662,36,0,25,0,11,0
796,50585.53,22791.94,275719.58999999997,652,34,0,25,0,11,0
797,49469.7,22913.550000000003,270262.05,658,37,0,24,0,11,0
798,50378.48999999999,23306.160000000003,275198.61,661,35,0,24,0,11,0
799,49699.81999999999,23139.18,271638.27999999997,669,38,0,23,0,11,0
800,50986.43,22995.389999999996,277927.54,670,34,0,26,0,11,0
801,50385.149999999994,23492.769999999993,275418.51999999996,664,36,0,24,0,11,0
802,49917.649999999994,23548.52,273136.76999999996,676,35,0,25,0,11,0
803,50377.09999999999,23185.579999999998,275071.07999999996,665,36,0,24,0,11,0
804,48793.649999999994,22216.250000000004,266184.5,645,34,0,23,0,11,0
805,49720.80999999999,23402.289999999997,272006.33999999997,668,37,0,25,0,11,0
806,49326.619999999995,22920.869999999995,269553.97,653,37,0,24,0,11,0
807,50543.270000000004,22956.530000000002,275672.88000000006,662,36,0,25,0,11,0
808,50316.41999999999,23896.19,275478.2899999999,667,34,0,23,0,11,0
809,49719.20999999999,22565.540000000005,271161.58999999997,655,36,0,24,0,11,0
810,50658.079999999994,22619.079999999998,275909.48,661,35,0,24,0,11,0
811,49642.159999999996,23149.990000000005,271360.79,659,36,0,24,0,11,0
812,50169.58,23106.58,273954.48000000004,660,36,0,23,0,11,0
813,50432.42999999999,23207.579999999998,275369.73,657,34,0,23,0,11,0
814,49902.34,23934.600000000002,273446.3,672,35,0,26,0,11,0
815,50129.49999999999,23691.52,274339.01999999996,677,35,0,25,0,11,0
816,48884.34999999999,23795.129999999997,268216.87999999995,657,34,0,24,0,11,0
817,49775.85999999999,22726.419999999995,271605.72,653,37,0,25,0,11,0
818,50486.719999999994,23284.140000000007,275717.74,666,34,0,25,0,11,0
819,50128.52999999999,23051.980000000003,273694.62999999995,664,36,0,25,0,11,0
820,50414.49,23261.129999999997,275333.57999999996,667,36,0,26,0,11,0
821,48842.02999999999,23169.390000000007,267379.54,652,33,0,25,0,11,0
822,50208.42999999999,23296.460000000003,274338.61,674,36,0,22,0,11,0
823,49702.56999999999,23741.81,272254.66,672,36,0,26,0,11,0
824,49418.81999999999,23521.99,270616.08999999997,665,37,0,23,0,11,0
825,46877.1,23542.279999999995,257927.78,641,34,0,27,0,11,0
826,49321.30999999999,23151.55,269758.1,665,36,0,23,0,11,0
827,49809.689999999995,22549.500000000004,271597.95,659,36,0,22,0,11,0
828,49860.619999999995,23324.88,272627.98,667,36,0,24,0,11,0
829,50708.619999999995,23334.25,276877.35,661,34,0,25,0,11,0
830,48030.689999999995,23472.050000000003,263625.5,653,36,0,25,0,11,0
831,50911.45,23612.15,278169.4,675,36,0,24,0,11,0
832,50250.259999999995,23297.850000000002,274549.14999999997,669,36,0,24,0,11,0
833,50421.06999999999,23030.98,275136.32999999996,657,34,0,24,0,11,0
834,50318.72999999999,23310.339999999997,274903.98999999993,667,35,0,24,0,11,0
835,50035.77,22295.52,272474.37,660,36,0,22,0,11,0
836,50288.23999999999,23101.59,274542.79,658,36,0,25,0,11,0
837,50508.20999999999,22774.839999999997,275315.88999999996,654,34,0,24,0,11,0
838,49921.35999999999,23831.270000000004,273438.06999999995,675,37,0,25,0,11,0
839,49054.32,23063.89,268335.49,651,33,0,24,0,11,0
840,50035.77,23156.540000000005,273335.38999999996,667,36,0,24,0,11,0
841,49718.74,23409.08,272002.77999999997,667,37,0,22,0,11,0
842,49454.57,23646.31,270919.16000000003,674,35,0,24,0,11,0
843,49503.27999999999,23348.710000000003,270865.11,658,36,0,25,0,11,0
844,49780.03999999999,23563.82,272464.01999999996,672,36,0,24,0,11,0
845,50295.03999999999,23205.83,274681.02999999997,665,34,0,26,0,11,0
846,50281.67999999999,23203.280000000006,274611.68,667,35,0,26,0,11,0
847,50422.92999999999,22908.690000000002,275023.33999999997,660,35,0,24,0,11,0
848,49908.76999999999,23080.330000000005,272624.17999999993,663,36,0,25,0,11,0
849,50121.279999999984,23312.24,273918.6399999999,673,36,0,24,0,11,0
850,49720.479999999996,23541.819999999996,272144.22,671,35,0,26,0,11,0
851,50767.74999999999,22655.490000000005,276494.24,661,36,0,26,0,11,0
852,50032.22,23154.18,273315.28,662,36,0,24,0,11,0
853,50174.719999999994,23236.390000000003,274109.99,662,35,0,25,0,11,0
854,50054.70999999999,23291.560000000005,273565.11,664,35,0,24,0,11,0
855,50045.729999999996,22803.639999999996,273032.29,652,34,0,23,0,11,0
856,50533.78999999999,23434.189999999995,276103.13999999996,668,36,0,26,0,11,0
857,49910.02,23081.34,272631.44,661,36,0,23,0,11,0
858,50811.53999999999,23760.350000000002,277818.04999999993,671,36,0,25,0,11,0
859,50692.02999999999,23515.07,276975.22,676,37,0,25,0,11,0
860,49573.799999999996,23367.13,271236.12999999995,667,35,0,24,0,11,0
861,50779.63999999999,22879.400000000005,276777.6,659,34,0,25,0,11,0
862,49073.46,23491.33,268858.63,665,37,0,25,0,11,0
863,50101.369999999995,22707.410000000003,273214.26,665,36,0,23,0,11,0
864,50103.56,23316.34,273834.14,664,34,0,25,0,11,0
865,49939.28999999999,23413.61,273110.05999999994,660,34,0,25,0,11,0
866,49795.99,23084.54,272064.49,665,36,0,24,0,11,0
867,49850.69999999999,23311.339999999993,272564.8399999999,663,36,0,25,0,11,0
868,49794.619999999995,23328.56,272301.66,667,36,0,24,0,11,0
869,50514.369999999995,23460.77,276032.62,668,35,0,25,0,11,0
870,49693.829999999994,23891.720000000005,272360.87,680,35,0,26,0,11,0
871,50668.33999999999,23194.14,276535.83999999997,671,35,0,25,0,11,0
872,50081.81999999999,22756.040000000005,273165.13999999996,664,36,0,24,0,11,0
873,49562.64,23174.0,270987.2,664,37,0,25,0,11,0
874,49944.479999999996,23361.76,273084.16,669,35,0,25,0,11,0
875,49935.16999999999,22873.409999999996,272549.25999999995,661,36,0,25,0,11,0
876,50124.06999999999,23333.310000000005,273953.66,666,35,0,23,0,11,0
877,50688.38,23065.869999999995,276507.77,659,36,0,23,0,11,0
878,49359.30999999999,22542.57,269339.11999999994,661,38,0,23,0,11,0
879,49983.649999999994,23293.730000000003,273211.98,672,35,0,25,0,11,0
880,50078.479999999996,22796.649999999998,273189.05,648,34,0,23,0,11,0
881,50346.13,23860.280000000002,275590.93,666,34,0,25,0,11,0
882,49735.28,22774.149999999998,271450.55,660,35,0,24,0,11,0
883,49647.42999999999,23259.530000000002,271496.68,660,35,0,24,0,11,0
884,48614.59,23041.7,266114.64999999997,641,34,0,25,0,11,0
885,48795.88999999999,22751.270000000004,266730.72,651,35,0,24,0,11,0
886,50380.67,23049.920000000006,274953.26999999996,667,36,0,25,0,11,0
887,49442.479999999996,23504.41,270716.80999999994,659,38,0,24,0,11,0
888,50016.34999999999,22848.49,272930.23999999993,657,35,0,25,0,11,0
889,50544.98999999999,23049.09,275774.04,665,35,0,24,0,11,0
890,49497.67999999999,23408.84,270897.24,660,36,0,23,0,11,0
891,49250.759999999995,23258.820000000003,269512.62,660,36,0,23,0,11,0
892,50672.16999999999,23959.969999999998,277320.81999999995,677,37,0,25,0,11,0
893,50779.78999999999,23681.630000000005,277580.57999999996,674,35,0,25,0,11,0
894,50194.89,23356.900000000005,274331.35000000003,667,35,0,25,0,11,0
895,48708.04,22947.600000000006,266487.80000000005,655,35,0,23,0,11,0
896,50607.939999999995,22843.609999999997,275883.31,668,36,0,22,0,11,0
897,50014.11999999999,23561.61,273632.20999999996,673,35,0,27,0,11,0
898,49878.229999999996,23410.500000000004,272801.64999999997,664,36,0,22,0,11,0
899,51017.48999999999,22609.74,277697.18999999994,660,36,0,25,0,11,0
900,49536.60999999999,23528.56,271211.61,672,37,0,25,0,11,0
901,49619.22999999999,23827.71,271923.8599999999,674,35,0,24,0,11,0
902,49088.729999999996,22631.97,268075.62,660,38,0,23,0,11,0
903,50412.61,23626.950000000004,275690.0,666,35,0,25,0,11,0
904,50673.08999999999,23165.070000000003,276530.51999999996,658,35,0,23,0,11,0
905,49434.56,22382.330000000005,269555.13,656,35,0,24,0,11,0
906,48583.009999999995,22787.96,265703.01,639,33,0,24,0,11,0
907,50340.34,23844.109999999997,275545.81,669,35,0,26,0,11,0
908,49482.829999999994,23026.100000000002,270440.24999999994,662,36,0,26,0,11,0
909,49938.009999999995,23837.539999999997,273527.58999999997,670,35,0,24,0,11,0
910,50103.219999999994,23590.93,274107.02999999997,668,36,0,25,0,11,0
911,50227.74,23114.9,274253.6,667,36,0,25,0,11,0
912,49638.61,23534.700000000004,271727.75,675,36,0,25,0,11,0
913,48400.799999999996,23462.45,265466.44999999995,649,36,0,24,0,11,0
914,49876.96,22757.270000000004,272142.07,656,35,0,25,0,11,0
915,50223.149999999994,23086.510000000002,274202.25999999995,663,34,0,24,0,11,0
916,50328.729999999996,23083.52,274727.17,661,33,0,23,0,11,0
917,50974.74999999999,23529.879999999997,278403.62999999995,670,34,0,24,0,11,0
918,50455.619999999995,23158.969999999998,275437.06999999995,663,34,0,23,0,11,0
919,51040.93,23432.880000000005,278637.53,668,35,0,25,0,11,0
920,50193.21999999999,22941.340000000004,273907.43999999994,659,35,0,25,0,11,0
921,50228.409999999996,23320.499999999996,274462.55,670,37,0,26,0,11,0
922,49631.149999999994,23974.21,272129.95999999996,671,37,0,26,0,11,0
923,49122.409999999996,23582.2,269194.25,665,36,0,25,0,11,0
924,50322.44999999999,23370.640000000003,274982.88999999996,669,36,0,24,0,11,0
925,49182.479999999996,22689.25,268601.64999999997,646,35,0,23,0,11,0
926,49691.299999999996,23568.600000000002,272025.1,669,36,0,24,0,11,0
927,49167.02999999999,23467.660000000003,269302.80999999994,664,36,0,24,0,11,0
928,48291.85,23311.510000000006,264770.76,644,35,0,24,0,11,0
929,50538.18,23158.739999999998,275849.64,672,37,0,24,0,11,0
930,48357.10999999999,23442.000000000004,265227.55,648,33,0,24,0,11,0
931,50833.049999999996,23208.550000000003,277373.8,661,34,0,25,0,11,0
932,49500.909999999996,23471.570000000003,270976.12,663,35,0,25,0,11,0
933,50188.189999999995,23175.74,274116.69,671,36,0,23,0,11,0
934,49737.01999999999,23324.220000000005,272009.31999999995,663,36,0,24,0,11,0
935,50505.049999999996,23684.120000000003,276209.37,669,37,0,24,0,11,0
936,49608.549999999996,23497.530000000006,271540.27999999997,662,35,0,25,0,11,0
937,48323.27999999999,23356.629999999997,264973.02999999997,648,35,0,24,0,11,0
938,49342.92,23000.710000000003,269715.31,659,36,0,24,0,11,0
939,50084.89999999999,23012.670000000006,273437.1699999999,662,36,0,22,0,11,0
940,49443.85999999999,23377.75,270597.04999999993,663,36,0,24,0,11,0
941,49732.06999999999,23971.56,272631.91,668,36,0,25,0,11,0
942,48771.149999999994,23306.33,267162.07999999996,647,33,0,23,0,11,0
943,50237.74,23407.670000000002,274596.37,664,35,0,23,0,11,0
944,49186.3,23182.120000000003,269113.62,659,37,0,25,0,11,0
945,49876.41999999999,23645.10000000001,273027.19999999995,658,35,0,24,0,11,0
946,50501.77999999999,23276.840000000004,275785.74,671,35,0,25,0,11,0
947,49974.76999999999,23223.500000000004,273097.35,661,36,0,25,0,11,0
948,49236.31,23755.030000000006,269936.58,665,36,0,25,0,11,0
949,50311.35,23111.23,274667.98,668,36,0,23,0,11,0
950,47855.35999999999,23606.769999999997,262883.56999999995,658,36,0,25,0,11,0
951,50435.74999999999,23152.059999999998,275330.80999999994,656,34,0,23,0,11,0
952,49812.689999999995,22805.99,271869.44,661,36,0,24,0,11,0
953,50341.78999999999,23146.920000000006,274855.86999999994,663,36,0,25,0,11,0
954,50040.84,22934.34,273138.54,667,34,0,23,0,11,0
955,50310.619999999995,22706.810000000005,274259.91,663,36,0,23,0,11,0
956,50667.03,23302.620000000003,276637.77,671,36,0,26,0,11,0
957,50308.92999999999,23369.63,274914.27999999997,670,34,0,24,0,11,0
958,50247.47999999999,23413.350000000002,274650.74999999994,668,34,0,24,0,11,0
959,49779.45,22969.250000000004,271866.5,652,35,0,24,0,11,0
960,49878.479999999996,22523.729999999996,271916.12999999995,661,35,0,25,0,11,0
961,49731.06,23199.500000000004,271854.8,667,35,0,26,0,11,0
962,50081.38,23075.130000000005,273482.03,669,35,0,23,0,11,0
963,50196.509999999995,22825.72,273808.27,660,36,0,24,0,11,0
964,50231.549999999996,23136.96,274294.70999999996,658,34,0,25,0,11,0
965,49932.689999999995,23479.71,273143.16,663,35,0,25,0,11,0
966,50523.119999999995,23311.09,275926.69,663,36,0,25,0,11,0
967,50123.46,23007.14,273624.44,667,33,0,23,0,11,0
968,50058.81,23025.47,273319.52,669,36,0,24,0,11,0
969,50737.869999999995,23524.979999999996,277214.32999999996,669,35,0,25,0,11,0
970,47900.34999999999,23099.980000000003,262601.7299999999,652,36,0,24,0,11,0
971,48903.32,22353.680000000008,266870.28,646,35,0,23,0,11,0
972,49626.74999999999,23344.190000000006,271477.94,667,35,0,25,0,11,0
973,50447.0,23083.3,275318.3,662,35,0,24,0,11,0
974,50596.01,23345.050000000003,276325.10000000003,663,36,0,24,0,11,0
975,49849.939999999995,22091.71,271341.41,655,35,0,22,0,11,0
976,49087.5,23247.96,268685.46,655,34,0,24,0,11,0
977,50209.61,23558.68,274606.73,677,37,0,26,0,11,0
978,49825.79,23428.93,272557.88,662,35,0,23,0,11,0
979,49321.689999999995,22788.510000000006,269396.95999999996,657,36,0,25,0,11,0
980,49794.84999999999,22879.960000000003,271854.20999999996,654,35,0,23,0,11,0
981,50785.469999999994,23140.380000000005,277067.73,663,36,0,25,0,11,0
982,50536.60999999999,23530.340000000007,276213.38999999996,667,35,0,24,0,11,0
983,50036.94999999999,23251.980000000003,273436.7299999999,662,36,0,24,0,11,0
984,49685.13,23476.149999999998,271901.8,668,36,0,24,0,11,0
985,50090.35999999999,23276.18,273727.98,662,35,0,23,0,11,0
986,49729.32999999999,22941.17,271587.81999999995,652,37,0,22,0,11,0
987,49901.659999999996,22972.64,272480.94,665,35,0,23,0,11,0
988,49582.38999999999,23197.860000000008,271109.80999999994,657,38,0,25,0,11,0
989,50100.229999999996,23486.14,273987.29,669,36,0,24,0,11,0
990,50004.1,22662.130000000005,272682.63,652,35,0,25,0,11,0
991,50285.689999999995,23902.710000000003,275331.16,660,35,0,26,0,11,0
992,50829.55999999999,23054.180000000004,277201.98,674,36,0,25,0,11,0
993,49568.799999999996,23280.899999999998,271124.89999999997,654,37,0,24,0,11,0
994,49695.079999999994,22834.819999999996,271310.22,658,37,0,23,0,11,0
995,49982.64,23374.900000000005,273288.10000000003,665,37,0,24,0,11,0
996,48118.37999999999,23253.07,263844.97,652,36,0,24,0,11,0
997,50612.71,23050.370000000003,276113.92,660,34,0,25,0,11,0
998,49753.49999999999,22889.41,271656.91,661,35,0,24,0,11,0
999,49573.14,22728.920000000002,270594.62,664,37,0,23,0,11,0
1000,49948.46,23247.19,272989.49,659,37,0,25,0,11,0
